nom,prenom,age,login,mdp
Dupont,Jean,21,jdupont,jpassword1
Durand,Marie,22,mdurand,motdepasse2
Lemoine,Paul,20,plemoine,passe123
Roux,Claire,23,croux,clairerouge
Bernard,Lucas,22,lbernard,lucas1234
Moreau,Sophie,21,smoreau,soph123
Dufresne,Julien,22,jdufresne,julien45
Leclerc,Chloé,20,cleclerc,chloe@2024
Michel,Marc,23,mmichel,marcpasswd
Gauthier,Emma,21,egauthier,emma007
Fournier,Leo,22,lfourniere,leopass
Benoit,Alice,21,abenoit,alice98
Pires,Isabelle,23,ipires,isa56
Lemoine,Théo,20,thlemoine,th0202
Joly,Zoé,22,zjoly,zoepass
Guillot,Nicolas,21,nguillot,nico20
Gilles,Juliette,22,jgilles,julie2001
Carteron,Maxime,23,mcarteron,maximemdp
Vidal,Amélie,22,avidal,amelie22
Marty,Hugo,21,hmarty,hugo098
Martins,Clara,22,cmartins,clara50
Delattre,Léa,20,ldelattre,lea1254
Roche,Sébastien,21,sroche,sebi77
Collet,Alice,23,acollet,alicepass
Bastien,Victor,20,vbastien,victor@2024
Simon,Thibault,22,tsimon,thibault99
Lemoine,Léo,23,llemoine,leo99
Boucher,Camille,21,cboucher,camilletest
Chauvin,Louis,22,lchauvin,louispasse
Caron,Valentine,20,vcaron,valentine21
Pires,Lucie,23,lpires,lp12345
Henri,Maxence,21,mhenri,maxence88
Delacour,Juliette,20,jdelacour,juliette22
Bailly,Élodie,22,ebailly,elodie23
Jacquet,Antoine,21,ajacquet,antoine56
Bertin,Océane,22,obertin,oceanepass
Huguet,Gaëtan,20,ghuguet,gaetan87
Maillard,Mathis,23,mmaillard,mathis2024
Adam,Éloïse,22,eadam,eloise@2024
Deschamps,Victor,21,vdeschamps,victor01
Bazin,Carla,22,cbazin,carla45
Girard,Inès,20,ignes,ines999
Vasseur,Emma,23,evasseur,emmapass
Chauvet,Raphaël,21,rchauvet,raph987
Leroy,Maëlle,20,mleroy,maelle01
Robert,Samuel,22,srobert,samuel88
Leblanc,Julie,21,jleblanc,julie88
Lemoine,Julien,23,jlemoine,julien2024
Giraud,Axel,20,agiraud,axel1234
Maheux,Audrey,22,amaheux,audrey123
Ferry,Jérôme,21,jferry,jerome@2024
